{
  "model": "ast_audio_spectrogram",
  "dataset": "ravdess",
  "seed": 3,
  "test_acc": 82.11152746111817,
  "test_loss": 0.749141194133393,
  "sparsity": 0.1905978473952634,
  "gflops": 0.5,
  "time_s": 140.0,
  "epochs_run": 50
}