{
  "model": "ast_audio_spectrogram",
  "dataset": "ravdess",
  "seed": 1,
  "test_acc": 80.06498248678477,
  "test_loss": 1.0851668786017556,
  "sparsity": 0.13147174223250294,
  "gflops": 0.5,
  "time_s": 140.0,
  "epochs_run": 50
}