{
  "model": "ast_audio_spectrogram",
  "dataset": "ravdess",
  "seed": 4,
  "test_acc": 81.06216481826263,
  "test_loss": 1.4081703517200335,
  "sparsity": 0.1725464180298497,
  "gflops": 0.5,
  "time_s": 140.0,
  "epochs_run": 50
}