{
  "model": "ast_audio_spectrogram",
  "dataset": "ravdess",
  "seed": 0,
  "test_acc": 81.60993529576875,
  "test_loss": 0.5025228459922321,
  "sparsity": 0.1941481316619662,
  "gflops": 0.5,
  "time_s": 140.0,
  "epochs_run": 50
}