{
  "model": "bert_mini",
  "dataset": "ag_news",
  "seed": 4,
  "test_acc": 93.42358605539556,
  "test_loss": 0.9389984704024577,
  "sparsity": 0.17398624553939399,
  "gflops": 0.5,
  "time_s": 140.0,
  "epochs_run": 50
}