{
  "model": "bert_mini",
  "dataset": "ag_news",
  "seed": 2,
  "test_acc": 93.73676534790599,
  "test_loss": 0.559443059297416,
  "sparsity": 0.15221231837905502,
  "gflops": 0.5,
  "time_s": 140.0,
  "epochs_run": 50
}