{
  "model": "bert_mini",
  "dataset": "ag_news",
  "seed": 1,
  "test_acc": 93.18991275336813,
  "test_loss": 0.9915340434288094,
  "sparsity": 0.1921086917807739,
  "gflops": 0.5,
  "time_s": 140.0,
  "epochs_run": 50
}