{
  "model": "HTSPF_noConflict",
  "dataset": "ford_a",
  "seed": 0,
  "test_acc": 95.59275957107806,
  "test_loss": 1.1781163464309856,
  "sparsity": 0.1747458412314593,
  "gflops": 0.5,
  "time_s": 140.0,
  "epochs_run": 50
}