{
  "model": "HTSPF_noLDWT",
  "dataset": "ford_a",
  "seed": 2,
  "test_acc": 91.77897406268805,
  "test_loss": 1.3618055109376788,
  "sparsity": 0.17299047413512267,
  "gflops": 0.5,
  "time_s": 140.0,
  "epochs_run": 50
}