{
  "model": "HTSPF_noConflict",
  "dataset": "ravdess",
  "seed": 1,
  "test_acc": 79.37246584562766,
  "test_loss": 1.0688466027028487,
  "sparsity": 0.17791914239836987,
  "gflops": 0.5,
  "time_s": 140.0,
  "epochs_run": 50
}