{
  "model": "HTSPF_noHCAA",
  "dataset": "ford_a",
  "seed": 3,
  "test_acc": 93.74372100328556,
  "test_loss": 0.5985026119451153,
  "sparsity": 0.1889931444448617,
  "gflops": 0.5,
  "time_s": 140.0,
  "epochs_run": 50
}