{
  "model": "HTSPF_noConflict",
  "dataset": "ag_news",
  "seed": 1,
  "test_acc": 93.36271192466481,
  "test_loss": 1.3162573769734522,
  "sparsity": 0.1747253724312562,
  "gflops": 0.5,
  "time_s": 140.0,
  "epochs_run": 50
}