{
  "model": "HTSPF_noConflict",
  "dataset": "ag_news",
  "seed": 0,
  "test_acc": 93.07730863525437,
  "test_loss": 0.8443244988915863,
  "sparsity": 0.22506466935894012,
  "gflops": 0.5,
  "time_s": 140.0,
  "epochs_run": 50
}