{
  "model": "HTSPF_noHCAA",
  "dataset": "ag_news",
  "seed": 4,
  "test_acc": 92.68644160657038,
  "test_loss": 1.0302243933808994,
  "sparsity": 0.1753792551031877,
  "gflops": 0.5,
  "time_s": 140.0,
  "epochs_run": 50
}