{
  "model": "HTSPF_Full",
  "dataset": "ethanol_concentration",
  "seed": 2,
  "test_acc": 74.75430993990142,
  "test_loss": 1.4699608723018196,
  "sparsity": 0.1814657065467484,
  "gflops": 0.5,
  "time_s": 140.0,
  "epochs_run": 50
}