{
  "model": "HTSPF_noLDWT",
  "dataset": "ethanol_concentration",
  "seed": 4,
  "test_acc": 72.1822915895091,
  "test_loss": 0.6321121887593937,
  "sparsity": 0.17736942422068244,
  "gflops": 0.5,
  "time_s": 140.0,
  "epochs_run": 50
}