{
  "model": "HTSPF_noASG",
  "dataset": "ford_a",
  "seed": 2,
  "test_acc": 95.86939182001558,
  "test_loss": 0.9350041725018623,
  "sparsity": 1.0,
  "gflops": 1.2,
  "time_s": 140.0,
  "epochs_run": 50
}