{
  "model": "HTSPF_noConflict",
  "dataset": "ag_news",
  "seed": 4,
  "test_acc": 93.83412250487456,
  "test_loss": 0.7389954226257119,
  "sparsity": 0.16605846978683106,
  "gflops": 0.5,
  "time_s": 140.0,
  "epochs_run": 50
}