{
  "model": "HTSPF_noASG",
  "dataset": "ag_news",
  "seed": 2,
  "test_acc": 94.41737969623914,
  "test_loss": 0.6654428414222258,
  "sparsity": 1.0,
  "gflops": 1.2,
  "time_s": 140.0,
  "epochs_run": 50
}