{
  "model": "HTSPF_noASG",
  "dataset": "ag_news",
  "seed": 4,
  "test_acc": 94.22505762378117,
  "test_loss": 1.0672814353825317,
  "sparsity": 1.0,
  "gflops": 1.2,
  "time_s": 140.0,
  "epochs_run": 50
}