{
  "model": "HTSPF_noConflict",
  "dataset": "cifar100",
  "seed": 1,
  "test_acc": 77.29726134033925,
  "test_loss": 1.029638061411437,
  "sparsity": 0.16375427750350155,
  "gflops": 0.5,
  "time_s": 140.0,
  "epochs_run": 50
}