{
  "model": "HTSPF_noASG",
  "dataset": "cifar100",
  "seed": 0,
  "test_acc": 78.19452995915836,
  "test_loss": 0.6962316127490171,
  "sparsity": 1.0,
  "gflops": 1.2,
  "time_s": 140.0,
  "epochs_run": 50
}