{
  "model": "HTSPF_noHCAA",
  "dataset": "ethanol_concentration",
  "seed": 2,
  "test_acc": 73.14404267987013,
  "test_loss": 0.7655395322391446,
  "sparsity": 0.17520345375474522,
  "gflops": 0.5,
  "time_s": 140.0,
  "epochs_run": 50
}