{
  "model": "HTSPF_noLDWT",
  "dataset": "cifar100",
  "seed": 2,
  "test_acc": 75.44409352924883,
  "test_loss": 0.8912943851578485,
  "sparsity": 0.20048275049441958,
  "gflops": 0.5,
  "time_s": 140.0,
  "epochs_run": 50
}