{
  "model": "HTSPF_Full",
  "dataset": "cifar100",
  "seed": 2,
  "test_acc": 77.55293412546582,
  "test_loss": 1.3072076927222294,
  "sparsity": 0.1968484285099869,
  "gflops": 0.5,
  "time_s": 140.0,
  "epochs_run": 50
}