{
  "model": "HTSPF_noConflict",
  "dataset": "ravdess",
  "seed": 4,
  "test_acc": 79.55226651041465,
  "test_loss": 1.4804758129002598,
  "sparsity": 0.17303860456383496,
  "gflops": 0.5,
  "time_s": 140.0,
  "epochs_run": 50
}