{
  "model": "HTSPF_noASG",
  "dataset": "cifar100",
  "seed": 2,
  "test_acc": 78.30320425250044,
  "test_loss": 0.9669758377230612,
  "sparsity": 1.0,
  "gflops": 1.2,
  "time_s": 140.0,
  "epochs_run": 50
}