{
  "model": "HTSPF_noConflict",
  "dataset": "ford_a",
  "seed": 2,
  "test_acc": 95.16613737440775,
  "test_loss": 0.8324064710983663,
  "sparsity": 0.18946387422158878,
  "gflops": 0.5,
  "time_s": 140.0,
  "epochs_run": 50
}