{
  "model": "HTSPF_noHCAA",
  "dataset": "ag_news",
  "seed": 0,
  "test_acc": 91.49896678429047,
  "test_loss": 0.651713426212673,
  "sparsity": 0.18620775115632726,
  "gflops": 0.5,
  "time_s": 140.0,
  "epochs_run": 50
}