{
  "model": "HTSPF_Full",
  "dataset": "ag_news",
  "seed": 3,
  "test_acc": 94.59089495672524,
  "test_loss": 0.7038732716309583,
  "sparsity": 0.18526753280575198,
  "gflops": 0.5,
  "time_s": 140.0,
  "epochs_run": 50
}