{
  "model": "HTSPF_noHCAA",
  "dataset": "cifar100",
  "seed": 1,
  "test_acc": 74.28447541199475,
  "test_loss": 1.369680443247177,
  "sparsity": 0.21550260797025478,
  "gflops": 0.5,
  "time_s": 140.0,
  "epochs_run": 50
}