{
  "model": "HTSPF_Full",
  "dataset": "ag_news",
  "seed": 1,
  "test_acc": 94.41210761900501,
  "test_loss": 0.5621861590884819,
  "sparsity": 0.14418707099718098,
  "gflops": 0.5,
  "time_s": 140.0,
  "epochs_run": 50
}