{
  "model": "HTSPF_noConflict",
  "dataset": "ethanol_concentration",
  "seed": 2,
  "test_acc": 75.1703763099412,
  "test_loss": 0.5623359903096821,
  "sparsity": 0.18516033499308798,
  "gflops": 0.5,
  "time_s": 140.0,
  "epochs_run": 50
}