{
  "model": "HTSPF_noConflict",
  "dataset": "ravdess",
  "seed": 2,
  "test_acc": 81.32747884120943,
  "test_loss": 1.1108953882942785,
  "sparsity": 0.20057502479884914,
  "gflops": 0.5,
  "time_s": 140.0,
  "epochs_run": 50
}