{
  "model": "HTSPF_noASG",
  "dataset": "ravdess",
  "seed": 2,
  "test_acc": 82.86922293501061,
  "test_loss": 1.0447675900847262,
  "sparsity": 1.0,
  "gflops": 1.2,
  "time_s": 140.0,
  "epochs_run": 50
}