{
  "model": "HTSPF_noLDWT",
  "dataset": "ford_a",
  "seed": 0,
  "test_acc": 92.65113211776179,
  "test_loss": 1.3276179179220324,
  "sparsity": 0.2010236628226501,
  "gflops": 0.5,
  "time_s": 140.0,
  "epochs_run": 50
}