{
  "model": "HTSPF_noHCAA",
  "dataset": "ravdess",
  "seed": 0,
  "test_acc": 77.80193325561885,
  "test_loss": 1.1925905532146224,
  "sparsity": 0.18143749374660223,
  "gflops": 0.5,
  "time_s": 140.0,
  "epochs_run": 50
}