{
  "model": "HTSPF_noHCAA",
  "dataset": "ag_news",
  "seed": 2,
  "test_acc": 91.78613241064896,
  "test_loss": 0.7186331897111924,
  "sparsity": 0.18200755709634645,
  "gflops": 0.5,
  "time_s": 140.0,
  "epochs_run": 50
}