{
  "model": "HTSPF_noLDWT",
  "dataset": "ravdess",
  "seed": 4,
  "test_acc": 75.54534846250556,
  "test_loss": 1.173707870774018,
  "sparsity": 0.1743147369682521,
  "gflops": 0.5,
  "time_s": 140.0,
  "epochs_run": 50
}