{
  "model": "HTSPF_noHCAA",
  "dataset": "ravdess",
  "seed": 4,
  "test_acc": 76.94586873877607,
  "test_loss": 0.7325274300887619,
  "sparsity": 0.18358717638633032,
  "gflops": 0.5,
  "time_s": 140.0,
  "epochs_run": 50
}