{
  "model": "HTSPF_noConflict",
  "dataset": "cifar100",
  "seed": 4,
  "test_acc": 77.14062417170018,
  "test_loss": 1.1793915949508411,
  "sparsity": 0.17753439600156784,
  "gflops": 0.5,
  "time_s": 140.0,
  "epochs_run": 50
}