{
  "model": "HTSPF_noHCAA",
  "dataset": "ford_a",
  "seed": 0,
  "test_acc": 94.00259455386794,
  "test_loss": 1.1939483148830754,
  "sparsity": 0.15198299894661788,
  "gflops": 0.5,
  "time_s": 140.0,
  "epochs_run": 50
}