{
  "model": "HTSPF_noASG",
  "dataset": "cifar100",
  "seed": 4,
  "test_acc": 78.15864968304422,
  "test_loss": 1.1331966751701645,
  "sparsity": 1.0,
  "gflops": 1.2,
  "time_s": 140.0,
  "epochs_run": 50
}