{
  "model": "HTSPF_Full",
  "dataset": "cifar100",
  "seed": 3,
  "test_acc": 78.33816917314527,
  "test_loss": 1.0562267153139153,
  "sparsity": 0.1595292992948113,
  "gflops": 0.5,
  "time_s": 140.0,
  "epochs_run": 50
}