{
  "model": "HTSPF_Full",
  "dataset": "ford_a",
  "seed": 1,
  "test_acc": 96.15919120690438,
  "test_loss": 0.6224083950320135,
  "sparsity": 0.1967852471409391,
  "gflops": 0.5,
  "time_s": 140.0,
  "epochs_run": 50
}