{
  "model": "HTSPF_Full",
  "dataset": "ford_a",
  "seed": 3,
  "test_acc": 96.23802821635452,
  "test_loss": 1.4809388993005919,
  "sparsity": 0.13723398175418305,
  "gflops": 0.5,
  "time_s": 140.0,
  "epochs_run": 50
}