{
  "model": "HTSPF_noASG",
  "dataset": "ag_news",
  "seed": 0,
  "test_acc": 93.7667898562339,
  "test_loss": 0.8238913403294872,
  "sparsity": 1.0,
  "gflops": 1.2,
  "time_s": 140.0,
  "epochs_run": 50
}