{
  "model": "HTSPF_noLDWT",
  "dataset": "ravdess",
  "seed": 0,
  "test_acc": 75.73873812296472,
  "test_loss": 0.5343463761088413,
  "sparsity": 0.16665909321920538,
  "gflops": 0.5,
  "time_s": 140.0,
  "epochs_run": 50
}