{
  "model": "HTSPF_Full",
  "dataset": "ravdess",
  "seed": 2,
  "test_acc": 82.04686485109,
  "test_loss": 1.4944948001194938,
  "sparsity": 0.16562728865881793,
  "gflops": 0.5,
  "time_s": 140.0,
  "epochs_run": 50
}