{
  "model": "HTSPF_noLDWT",
  "dataset": "cifar100",
  "seed": 4,
  "test_acc": 77.0639332882598,
  "test_loss": 0.849583965686899,
  "sparsity": 0.1496497914086119,
  "gflops": 0.5,
  "time_s": 140.0,
  "epochs_run": 50
}