{
  "model": "HTSPF_noConflict",
  "dataset": "cifar100",
  "seed": 0,
  "test_acc": 76.8884681249769,
  "test_loss": 1.0195748742715756,
  "sparsity": 0.19869423799597266,
  "gflops": 0.5,
  "time_s": 140.0,
  "epochs_run": 50
}