{
  "model": "HTSPF_noLDWT",
  "dataset": "ag_news",
  "seed": 4,
  "test_acc": 93.00300460721775,
  "test_loss": 1.0498302308723257,
  "sparsity": 0.1761706230359016,
  "gflops": 0.5,
  "time_s": 140.0,
  "epochs_run": 50
}