{
  "model": "HTSPF_noHCAA",
  "dataset": "ford_a",
  "seed": 4,
  "test_acc": 94.13569305905591,
  "test_loss": 0.7174141750051836,
  "sparsity": 0.20701566585328654,
  "gflops": 0.5,
  "time_s": 140.0,
  "epochs_run": 50
}