{
  "model": "HTSPF_noLDWT",
  "dataset": "cifar100",
  "seed": 0,
  "test_acc": 75.89083849402924,
  "test_loss": 0.9174835351873684,
  "sparsity": 0.2228121039488101,
  "gflops": 0.5,
  "time_s": 140.0,
  "epochs_run": 50
}