{
  "model": "HTSPF_noConflict",
  "dataset": "ford_a",
  "seed": 1,
  "test_acc": 95.30462943407123,
  "test_loss": 0.560963959828953,
  "sparsity": 0.1657808772711804,
  "gflops": 0.5,
  "time_s": 140.0,
  "epochs_run": 50
}