{
  "model": "HTSPF_noHCAA",
  "dataset": "ethanol_concentration",
  "seed": 1,
  "test_acc": 76.03661017901905,
  "test_loss": 1.1101897127595128,
  "sparsity": 0.18355380971111893,
  "gflops": 0.5,
  "time_s": 140.0,
  "epochs_run": 50
}