{
  "model": "HTSPF_noConflict",
  "dataset": "ethanol_concentration",
  "seed": 0,
  "test_acc": 73.24303094277468,
  "test_loss": 1.1570448563674973,
  "sparsity": 0.17897826023541952,
  "gflops": 0.5,
  "time_s": 140.0,
  "epochs_run": 50
}