{
  "model": "HTSPF_noASG",
  "dataset": "ravdess",
  "seed": 1,
  "test_acc": 81.33654354054937,
  "test_loss": 0.558634044205843,
  "sparsity": 1.0,
  "gflops": 1.2,
  "time_s": 140.0,
  "epochs_run": 50
}