{
  "model": "HTSPF_Full",
  "dataset": "ethanol_concentration",
  "seed": 4,
  "test_acc": 75.03658572176653,
  "test_loss": 0.7512999623404176,
  "sparsity": 0.1613081053234779,
  "gflops": 0.5,
  "time_s": 140.0,
  "epochs_run": 50
}