{
  "model": "HTSPF_noASG",
  "dataset": "ford_a",
  "seed": 4,
  "test_acc": 96.02795841705137,
  "test_loss": 1.2704787533069668,
  "sparsity": 1.0,
  "gflops": 1.2,
  "time_s": 140.0,
  "epochs_run": 50
}