{
  "model": "HTSPF_noASG",
  "dataset": "ravdess",
  "seed": 3,
  "test_acc": 81.14705551961319,
  "test_loss": 0.9329044695497551,
  "sparsity": 1.0,
  "gflops": 1.2,
  "time_s": 140.0,
  "epochs_run": 50
}