{
  "model": "HTSPF_noHCAA",
  "dataset": "cifar100",
  "seed": 3,
  "test_acc": 76.5126903015469,
  "test_loss": 1.1051775826622072,
  "sparsity": 0.17448857818923522,
  "gflops": 0.5,
  "time_s": 140.0,
  "epochs_run": 50
}