{
  "model": "HTSPF_noConflict",
  "dataset": "ford_a",
  "seed": 3,
  "test_acc": 95.50313198609867,
  "test_loss": 1.2648122128706971,
  "sparsity": 0.1791631457429014,
  "gflops": 0.5,
  "time_s": 140.0,
  "epochs_run": 50
}