{
  "model": "HTSPF_noLDWT",
  "dataset": "ethanol_concentration",
  "seed": 2,
  "test_acc": 70.74299806803047,
  "test_loss": 1.3819973260064706,
  "sparsity": 0.14324163670737536,
  "gflops": 0.5,
  "time_s": 140.0,
  "epochs_run": 50
}