{
  "model": "HTSPF_noLDWT",
  "dataset": "ford_a",
  "seed": 1,
  "test_acc": 91.66987856637607,
  "test_loss": 1.1207911849543324,
  "sparsity": 0.14160403501570282,
  "gflops": 0.5,
  "time_s": 140.0,
  "epochs_run": 50
}