{
  "model": "HTSPF_Full",
  "dataset": "ford_a",
  "seed": 0,
  "test_acc": 96.30283791580865,
  "test_loss": 1.1255899017836,
  "sparsity": 0.1674726580173377,
  "gflops": 0.5,
  "time_s": 140.0,
  "epochs_run": 50
}