{
  "model": "HTSPF_noHCAA",
  "dataset": "ford_a",
  "seed": 2,
  "test_acc": 94.54394305608643,
  "test_loss": 0.7286539392490955,
  "sparsity": 0.16262844189712308,
  "gflops": 0.5,
  "time_s": 140.0,
  "epochs_run": 50
}