{
  "model": "HTSPF_noLDWT",
  "dataset": "ag_news",
  "seed": 3,
  "test_acc": 93.24364375074235,
  "test_loss": 0.8190188314867275,
  "sparsity": 0.1512161898771896,
  "gflops": 0.5,
  "time_s": 140.0,
  "epochs_run": 50
}