{
  "model": "HTSPF_noLDWT",
  "dataset": "cifar100",
  "seed": 1,
  "test_acc": 75.63605062633417,
  "test_loss": 1.1424306824610464,
  "sparsity": 0.17572641337098582,
  "gflops": 0.5,
  "time_s": 140.0,
  "epochs_run": 50
}