{
  "model": "HTSPF_noHCAA",
  "dataset": "ravdess",
  "seed": 2,
  "test_acc": 79.62752709129968,
  "test_loss": 0.6325964979004283,
  "sparsity": 0.16158352353711064,
  "gflops": 0.5,
  "time_s": 140.0,
  "epochs_run": 50
}