{
  "model": "HTSPF_Full",
  "dataset": "ravdess",
  "seed": 1,
  "test_acc": 82.62873316787967,
  "test_loss": 1.3759771175635993,
  "sparsity": 0.18813844594308174,
  "gflops": 0.5,
  "time_s": 140.0,
  "epochs_run": 50
}