{
  "model": "HTSPF_noLDWT",
  "dataset": "ravdess",
  "seed": 2,
  "test_acc": 72.35653016115687,
  "test_loss": 1.1294611058902646,
  "sparsity": 0.18015991868821893,
  "gflops": 0.5,
  "time_s": 140.0,
  "epochs_run": 50
}