{
  "model": "HTSPF_noLDWT",
  "dataset": "cifar100",
  "seed": 3,
  "test_acc": 76.67055490512604,
  "test_loss": 0.665079376409073,
  "sparsity": 0.16362471285398172,
  "gflops": 0.5,
  "time_s": 140.0,
  "epochs_run": 50
}