{
  "model": "HTSPF_Full",
  "dataset": "ag_news",
  "seed": 0,
  "test_acc": 94.61218379835039,
  "test_loss": 0.5626872730018726,
  "sparsity": 0.16227118031852542,
  "gflops": 0.5,
  "time_s": 140.0,
  "epochs_run": 50
}