{
  "model": "HTSPF_noHCAA",
  "dataset": "cifar100",
  "seed": 2,
  "test_acc": 75.82513451784197,
  "test_loss": 1.4232149405356496,
  "sparsity": 0.17736403907545517,
  "gflops": 0.5,
  "time_s": 140.0,
  "epochs_run": 50
}