{
  "model": "HTSPF_noLDWT",
  "dataset": "ravdess",
  "seed": 1,
  "test_acc": 74.16275379684234,
  "test_loss": 0.5625915415194881,
  "sparsity": 0.21336251857497263,
  "gflops": 0.5,
  "time_s": 140.0,
  "epochs_run": 50
}