{
  "model": "HTSPF_noASG",
  "dataset": "ravdess",
  "seed": 4,
  "test_acc": 82.8965050700364,
  "test_loss": 1.4719885621803508,
  "sparsity": 1.0,
  "gflops": 1.2,
  "time_s": 140.0,
  "epochs_run": 50
}