{
  "model": "HTSPF_Full",
  "dataset": "ford_a",
  "seed": 4,
  "test_acc": 96.19112458946566,
  "test_loss": 0.8418951742890103,
  "sparsity": 0.20700515760587587,
  "gflops": 0.5,
  "time_s": 140.0,
  "epochs_run": 50
}