{
  "model": "HTSPF_Full",
  "dataset": "ag_news",
  "seed": 2,
  "test_acc": 94.54086544640148,
  "test_loss": 0.7015357332568138,
  "sparsity": 0.1670507429920364,
  "gflops": 0.5,
  "time_s": 140.0,
  "epochs_run": 50
}