{
  "model": "HTSPF_noConflict",
  "dataset": "ravdess",
  "seed": 3,
  "test_acc": 79.10268099312056,
  "test_loss": 1.1435952485726442,
  "sparsity": 0.18493947944179245,
  "gflops": 0.5,
  "time_s": 140.0,
  "epochs_run": 50
}