{
  "model": "HTSPF_noLDWT",
  "dataset": "ag_news",
  "seed": 0,
  "test_acc": 92.99916807223285,
  "test_loss": 1.3532490093091103,
  "sparsity": 0.1723599935398032,
  "gflops": 0.5,
  "time_s": 140.0,
  "epochs_run": 50
}