{
  "model": "HTSPF_noConflict",
  "dataset": "ag_news",
  "seed": 2,
  "test_acc": 94.0661378867095,
  "test_loss": 0.8571048048790827,
  "sparsity": 0.11038252315911548,
  "gflops": 0.5,
  "time_s": 140.0,
  "epochs_run": 50
}