{
  "model": "HTSPF_noLDWT",
  "dataset": "ethanol_concentration",
  "seed": 0,
  "test_acc": 70.03185579125366,
  "test_loss": 1.3313805052274605,
  "sparsity": 0.1882450531619384,
  "gflops": 0.5,
  "time_s": 140.0,
  "epochs_run": 50
}