{
  "model": "HTSPF_noConflict",
  "dataset": "ethanol_concentration",
  "seed": 4,
  "test_acc": 73.50686341661925,
  "test_loss": 1.1845268274356773,
  "sparsity": 0.204938854239133,
  "gflops": 0.5,
  "time_s": 140.0,
  "epochs_run": 50
}