{
  "model": "HTSPF_noHCAA",
  "dataset": "cifar100",
  "seed": 4,
  "test_acc": 73.914850616571,
  "test_loss": 0.8953212765052622,
  "sparsity": 0.18476167836221707,
  "gflops": 0.5,
  "time_s": 140.0,
  "epochs_run": 50
}