{
  "model": "HTSPF_noLDWT",
  "dataset": "ethanol_concentration",
  "seed": 1,
  "test_acc": 70.2064308300977,
  "test_loss": 1.2889518417572057,
  "sparsity": 0.16169143616820753,
  "gflops": 0.5,
  "time_s": 140.0,
  "epochs_run": 50
}