{
  "model": "HTSPF_noConflict",
  "dataset": "ethanol_concentration",
  "seed": 1,
  "test_acc": 75.01648637950125,
  "test_loss": 1.2585208435906747,
  "sparsity": 0.16528514162572203,
  "gflops": 0.5,
  "time_s": 140.0,
  "epochs_run": 50
}