{
  "model": "HTSPF_noASG",
  "dataset": "cifar100",
  "seed": 1,
  "test_acc": 77.73932397180147,
  "test_loss": 0.9283221934561342,
  "sparsity": 1.0,
  "gflops": 1.2,
  "time_s": 140.0,
  "epochs_run": 50
}