{
  "model": "inception_time",
  "dataset": "ford_a",
  "seed": 1,
  "test_acc": 95.83786827449462,
  "test_loss": 1.1189095103364988,
  "sparsity": 1.0,
  "gflops": 0.5,
  "time_s": 140.0,
  "epochs_run": 50
}