{
  "model": "inception_time",
  "dataset": "ford_a",
  "seed": 0,
  "test_acc": 95.88900151624512,
  "test_loss": 1.1533517329417318,
  "sparsity": 1.0,
  "gflops": 0.5,
  "time_s": 140.0,
  "epochs_run": 50
}