{
  "model": "inception_time",
  "dataset": "ford_a",
  "seed": 2,
  "test_acc": 95.85513543908985,
  "test_loss": 1.3556735648160572,
  "sparsity": 1.0,
  "gflops": 0.5,
  "time_s": 140.0,
  "epochs_run": 50
}