{
  "model": "perceiver_io",
  "dataset": "cifar100",
  "seed": 1,
  "test_acc": 75.03524159383625,
  "test_loss": 1.394928640030355,
  "sparsity": 1.0,
  "gflops": 0.5,
  "time_s": 140.0,
  "epochs_run": 50
}