{
  "model": "perceiver_io",
  "dataset": "cifar100",
  "seed": 2,
  "test_acc": 76.45094091535694,
  "test_loss": 0.8361061135728391,
  "sparsity": 1.0,
  "gflops": 0.5,
  "time_s": 140.0,
  "epochs_run": 50
}