{
  "model": "perceiver_io",
  "dataset": "cifar100",
  "seed": 0,
  "test_acc": 76.543824303164,
  "test_loss": 1.3710421436324993,
  "sparsity": 1.0,
  "gflops": 0.5,
  "time_s": 140.0,
  "epochs_run": 50
}