{
  "model": "resnet18",
  "dataset": "cifar100",
  "seed": 0,
  "test_acc": 75.42268729413631,
  "test_loss": 0.9248539465487737,
  "sparsity": 1.0,
  "gflops": 0.5,
  "time_s": 140.0,
  "epochs_run": 50
}