{
  "model": "resnet18",
  "dataset": "cifar100",
  "seed": 2,
  "test_acc": 74.44718294794745,
  "test_loss": 0.7564907064292502,
  "sparsity": 1.0,
  "gflops": 0.5,
  "time_s": 140.0,
  "epochs_run": 50
}