{
  "model": "resnet18",
  "dataset": "cifar100",
  "seed": 3,
  "test_acc": 75.68749022312147,
  "test_loss": 1.0084861088824129,
  "sparsity": 1.0,
  "gflops": 0.5,
  "time_s": 140.0,
  "epochs_run": 50
}