{
  "model": "resnet18",
  "dataset": "cifar100",
  "seed": 4,
  "test_acc": 74.0009124570623,
  "test_loss": 0.5953302319543616,
  "sparsity": 1.0,
  "gflops": 0.5,
  "time_s": 140.0,
  "epochs_run": 50
}