{
  "model": "vit_small",
  "dataset": "cifar100",
  "seed": 3,
  "test_acc": 76.94947149020987,
  "test_loss": 0.9651454913894639,
  "sparsity": 1.0,
  "gflops": 0.5,
  "time_s": 140.0,
  "epochs_run": 50
}