{
  "model": "vit_small",
  "dataset": "cifar100",
  "seed": 2,
  "test_acc": 76.55882870957585,
  "test_loss": 1.4987506931570271,
  "sparsity": 1.0,
  "gflops": 0.5,
  "time_s": 140.0,
  "epochs_run": 50
}