{
  "model": "vit_small",
  "dataset": "cifar100",
  "seed": 1,
  "test_acc": 76.59840027098957,
  "test_loss": 1.082035571076664,
  "sparsity": 1.0,
  "gflops": 0.5,
  "time_s": 140.0,
  "epochs_run": 50
}